time,N1,N2
0,0.5274767394469025,0.527058704346112
1,0.43324372766669167,0.5889328609493932
2,0.516143155178148,0.5199389583617774
3,0.5750922328461935,0.6366844225056805
4,0.6132187633161238,0.6588118731435751
5,0.6616962697858733,0.5878595077148988
6,0.5178935682391563,0.5911445148684868
7,0.6399523227437995,0.5657935221376129
8,0.5153690763235477,0.49843016803328966
9,0.7643021645754898,0.6048182102942238
10,0.714048320755239,0.624640135402664
11,0.6506383536301846,0.5337841650619629
12,0.6855113464624963,0.6268050983217589
13,0.7441154207874306,0.5976136004334676
14,0.7001133959958884,0.5817099605700511
15,0.6622813812532333,0.5758534380957643
16,0.7141578855029382,0.4761668806248277
17,0.6130426773135772,0.48488340010543746
18,0.6015172154538064,0.4383257172929356
19,0.6417447666033201,0.41891910859101017
20,0.5600201407458779,0.46089001148169095
21,0.615535870477474,0.42683112009031543
22,0.551714352945135,0.3542638275010436
23,0.5443202516881449,0.36496901041001123
24,0.5898877628229489,0.3579968804817948
25,0.4914938747842722,0.40406493460732457
26,0.3326605737669316,0.2704485990429268
27,0.415059505045352,0.2381382060550221
28,0.4303785972254084,0.22320669229732154
29,0.43444930181159835,0.2662494159759953
30,0.4202873937092008,0.1770602822576537
31,0.39208107951347293,0.24625742870121659
32,0.2623884710378807,0.23519767549832926
33,0.21283171635244041,0.21414802036435537
34,0.2972064033441719,0.2006374622968708
35,0.21945121146359267,0.15467042140063186
36,0.29575433696529563,0.21261430567297454
37,0.2734820399496649,0.2500742400099617
38,0.17154908556086204,0.18949781437304228
39,0.32952512097906317,0.2191794387135144
40,0.2802344021806813,0.29501742328221303
41,0.3041903797657596,0.2706404138965933
42,0.2582995788618355,0.31770739864143555
43,0.33115879201021065,0.35619563798426673
44,0.3037619102181686,0.32477138766270813
45,0.39678461053580144,0.4240985139378857
46,0.331371122024665,0.49193361940924957
47,0.337426352748098,0.38804272297766934
48,0.41193785036415836,0.3868722496019128
49,0.5447439156266929,0.4494794510529756
50,0.5948484572102515,0.5462855641636201
51,0.5834135395443797,0.5445772738878306
52,0.5712125497716821,0.5249336073910982
53,0.5614492213414576,0.5779540791459121
54,0.6473658284603008,0.5631438427487582
55,0.6266540185184445,0.6142152424454832
56,0.6388737950652693,0.519286514484955
57,0.5245712275316087,0.54365219111343
58,0.6727882353565906,0.5641540960612854
59,0.6502696440556404,0.6202471618591705
60,0.6221461634504678,0.5595712275683968
61,0.6795526910610364,0.5667232385265583
62,0.6439315413076694,0.4927904153309733
63,0.7607577920843106,0.5750117491382082
64,0.69464247314963,0.6891177210742638
65,0.728775591718849,0.5553169280608661
66,0.5941671555152412,0.5345049450839108
67,0.7735050885555089,0.4241606432681655
68,0.6488423076490791,0.48801304876625035
69,0.6660672970519503,0.49283134108217347
70,0.6687400198252837,0.5010954452592409
71,0.5244282464667295,0.4472112985302473
72,0.6379693146125252,0.41741309443046476
73,0.4717256338053489,0.40216445447662036
74,0.5834795309929556,0.3531681593562049
75,0.4577865839447135,0.22190820875019418
76,0.4747208987460112,0.2977530985489061
77,0.4965079973019573,0.23599282924499304
78,0.5256077546141515,0.24877455954753602
79,0.3420793128802113,0.29441576081464116
80,0.3266427870169798,0.2631756665894966
81,0.3922154976717233,0.2580023698577274
82,0.36423222932800403,0.24900762160948986
83,0.32645633321079576,0.2865660389198411
84,0.29538708660391,0.22550448965382983
85,0.35071581838492427,0.19029917526089501
86,0.3353511612598826,0.2982677018080919
87,0.3652068160210596,0.2697447743078646
88,0.3244999835196457,0.2826555139734465
89,0.26934113877795796,0.15840231899854712
90,0.28386691175639506,0.2559069237467322
91,0.2311132281110263,0.28231879001166066
92,0.41791536600778695,0.30436334833436707
93,0.2974323485152826,0.29448956767815154
94,0.39847136881939554,0.35344741599418883
95,0.3583861031682376,0.37998505255896037
96,0.4019323157105943,0.43379731567952207
97,0.535840275180567,0.3822040825041675
98,0.3801537446908079,0.548700063903329
99,0.4924187513822417,0.4301433237217151
100,0.4956978129236331,0.4824994985736013
101,0.4521872708754744,0.5427677305555701
102,0.5797050306260413,0.5774560072870818
103,0.5021204310985389,0.5932502521938244
104,0.5552069849993662,0.5533763390960245
105,0.5449355498248887,0.5453476965517653
106,0.719011419113792,0.6160076613461821
107,0.6527296317808814,0.5916608942470141
108,0.6675526567740446,0.6232631353630372
109,0.6791626393983923,0.5512322634652737
110,0.5980755199114549,0.6805429246728585
111,0.7360462895021356,0.5344973922673836
112,0.7090270183255848,0.6651658069981446
113,0.7264910803766381,0.5583059621854647
114,0.6501232246452342,0.6140774089125167
115,0.6425424851101471,0.5042422325857076
116,0.7180850634697272,0.5011881834387212
117,0.6335455355981581,0.46168822225185024
118,0.6136884492927432,0.48137013274857116
119,0.6560280112337491,0.4417870612843407
120,0.5747160318960383,0.4531773040208709
121,0.5713412171413349,0.4618226512536823
122,0.6016462404440684,0.35397437246637925
123,0.5747492469573582,0.35320573078752915
124,0.573125972892462,0.2694039395259487
125,0.5131268510301852,0.30249473893124856
126,0.5252472423957374,0.24308003613544543
127,0.3595372610263136,0.27150064153991577
128,0.48959520786308236,0.21956507732002906
129,0.4467063682442977,0.19338652270578668
130,0.3268945425713675,0.28277343743219535
131,0.3673229233483927,0.16224325382337665
132,0.3299146962252369,0.22842019899496424
133,0.3348591346991775,0.18000939298658958
134,0.3314378207137479,0.2622572959573448
135,0.36022357691570506,0.29164927267540997
136,0.28138115109193806,0.23996151850570038
137,0.31104069809990836,0.2567945559428787
138,0.32242572297553207,0.21007900083681047
139,0.2562543480634598,0.2708398433546232
140,0.33285307891405375,0.23300223498128883
141,0.3752718873746801,0.34257700993306617
142,0.22652790125773697,0.28619591838663316
143,0.38354219688033575,0.3112339380721722
144,0.33810862652873663,0.3895857308866694
145,0.42809692744412936,0.3408760866190374
146,0.387793261277211,0.41354497448874666
147,0.46830913387913736,0.33563668948131364
148,0.48340364710857553,0.48722620232463254
149,0.47158570226646535,0.48227833384674135
150,0.4833435205552104,0.563637974176799
151,0.5343298280124898,0.5382520193339864
152,0.4862610381260532,0.528016683118103
153,0.5574364088270278,0.5882535591293351
154,0.5691310286667384,0.5467556992444982
155,0.5462368258093764,0.5738480679369206
156,0.6719741928951732,0.5136258971943299
157,0.613734334578486,0.57375054255802
158,0.6976193890346857,0.5688190931416734
159,0.6622474230248504,0.581243281345999
160,0.7236527655823181,0.5420926173677569
161,0.6930510148266732,0.6559816784627777
162,0.6257218734340355,0.5413508459008443
163,0.674640054273691,0.5326114182075105
164,0.7430236432292516,0.5409911161584874
165,0.7458272189149417,0.48194925130477856
166,0.7216326332328927,0.5497303311529582
167,0.7217022186328358,0.45694828329361664
168,0.6203623272501263,0.5245872558033532
169,0.6176619180861693,0.46383512213438494
170,0.5561004549651781,0.46644234865819495
171,0.6296631607556759,0.414592708126189
172,0.6279850352022872,0.37463440752001853
173,0.5251383652778119,0.30646207321204844
174,0.47964868572530306,0.3169031031349176
175,0.47609090361783873,0.2937518267833947
176,0.47430506600219935,0.28672974009209556
177,0.5052201320461753,0.24213827633056592
178,0.44704834264844984,0.14578369494507798
179,0.3902723036268553,0.2174043798484068
180,0.4217688995104935,0.21574019943017053
181,0.3798147825096365,0.17165927611805473
182,0.3700789234717663,0.2427034376580443
183,0.32494751645866154,0.18902370840886878
184,0.3929067828204589,0.24618596385217195
185,0.3225474767705184,0.22920209602712913
186,0.2757447330227527,0.22475090819424057
187,0.3638007448904476,0.1860452414866835
188,0.2611235050322549,0.2216983459272237
189,0.2816962475932711,0.2279783356787668
190,0.28433052194723385,0.3248708108550593
191,0.2902857699558694,0.32048309525286506
192,0.31137890031998294,0.27186268633890165
193,0.31565775469689145,0.37070300463536837
194,0.3824946005444021,0.3131661071863048
195,0.44394284928396643,0.3141134254404372
196,0.3829664302905671,0.3693663047379067
197,0.41068155660209665,0.3793412901874989
198,0.5252406873951807,0.3719672101274708
199,0.4988171163628153,0.49806849040177426
200,0.48112535223033887,0.5271862609235906
201,0.5746315587330725,0.4438985452143264
202,0.5788310818911498,0.5625509895880635
203,0.5641584705000882,0.5779340076759055
204,0.5435198733410069,0.5098876043018429
205,0.6225783816186093,0.5242743508921079
206,0.6760622489136014,0.6986998749828685
207,0.6931872027805751,0.5819411640648886
208,0.6528454173317646,0.630121224366384
209,0.6768199373807269,0.5895386524636658
210,0.6358277099818804,0.5733378000292795
211,0.7007989373207769,0.6060580624867137
212,0.6953092729638988,0.5578520711048855
213,0.704479258364367,0.4879971438537687
214,0.7006985496138084,0.628158694836455
215,0.7592283948003123,0.5599409080623609
216,0.686547837114278,0.5413554652550313
217,0.6297954643631662,0.45860463293240195
218,0.5936003438356832,0.46104472470098534
219,0.7439559286244131,0.48124390032829906
220,0.5808526592815211,0.43063813969283776
221,0.5568361791822092,0.4511266316856395
222,0.6585362247939839,0.38007490803411403
223,0.5639542110915315,0.4296240254917049
224,0.5830247480083137,0.31177252632949237
225,0.47336639925802176,0.3956991162552598
226,0.48427218111270803,0.3297876261801496
227,0.41926521805628725,0.2604710229022481
228,0.43384489009953997,0.2081675163041105
229,0.38872499680213657,0.31823553277522465
230,0.3978828609521335,0.1561268406325177
231,0.3441910059331131,0.2029408968924532
232,0.3380665259448198,0.1975473757313908
233,0.3071388780007009,0.19805624057755222
234,0.2854933930543991,0.31395273727461825
235,0.4024514722848302,0.2391513923705735
236,0.40827100813957506,0.20486986901389903
237,0.3338873864207673,0.21878815306984425
238,0.2504567542789584,0.23812713469000157
239,0.32225815048785267,0.24446044828445043
240,0.2761999449974638,0.16926349677509148
241,0.2571258981688384,0.25959804544349746
242,0.3195921961415464,0.3666015661103657
243,0.30945463258137157,0.38002489760394603
244,0.37735976436150237,0.4634582976829402
245,0.43315216490478636,0.35554748891490967
246,0.38870387316272614,0.5253288093102824
247,0.41694044966368393,0.5575580246334471
248,0.4265403390192666,0.4947140626779454
249,0.46783309429499487,0.441649792111724
250,0.49481218854397196,0.5645191215000286
251,0.5581768245210329,0.5193537860547076
252,0.5477491938954295,0.5381922277389072
253,0.5961061047035909,0.6581753475311454
254,0.597549750569191,0.6253902655417114
255,0.6355714630269208,0.5458204428693905
256,0.6334585846490723,0.5883129383799293
257,0.6146481333687124,0.6497243178375732
258,0.6558534851819657,0.6261575186986275
259,0.7395188403029026,0.5607409280801362
260,0.738512274670864,0.5585791583538344
261,0.6873633664457425,0.6179270104204058
262,0.6513920192461691,0.44977159141386724
263,0.6682222066753384,0.6733778474706132
264,0.7139123701711366,0.5531595710947858
265,0.629576957578765,0.4967914026577786
266,0.6386863191612471,0.5291170088107964
267,0.7186468813385758,0.4645925400918675
268,0.705179843842416,0.44914822331022186
269,0.5797857107486496,0.4264684799332325
270,0.5501927998525611,0.36819582346192087
271,0.5721940456081268,0.4097205264771445
272,0.5673508640279368,0.38316529623049495
273,0.5453695341610427,0.4119728210631565
274,0.5133546156281552,0.28641860503338373
275,0.5424504851586277,0.3348032476761096
276,0.5249988811981016,0.3077296479178247
277,0.5337321439123752,0.36055989364217755
278,0.4263296749163271,0.28834163185787576
279,0.3530064747286787,0.2365776280431573
280,0.42845611493757685,0.18857410179164752
281,0.2943520388809374,0.17691542907092675
282,0.38379471969237433,0.1599414953070003
283,0.36822351640843354,0.18215572582490105
284,0.44478312949586224,0.16206094032661006
285,0.3094392613182785,0.23144732334561688
286,0.3721298069986626,0.2634026318728726
287,0.37165677446996326,0.19454639777204774
288,0.3372978804409333,0.2080354433597031
289,0.3668806420510983,0.35926623392911466
290,0.3288592425891328,0.253136810203361
291,0.3347148850730761,0.3033997751620659
292,0.37249575642240373,0.2114530074623217
293,0.3161660323929563,0.38619124951796885
294,0.32245776417297933,0.2255938235433896
295,0.4314261647065422,0.3237222260591913
296,0.45813829097635,0.2606608707137042
297,0.5055312665620546,0.44333615282333455
298,0.41997385671838144,0.44269132840244113
299,0.3969072770534341,0.4762476559751029
300,0.5873867827586102,0.4693456155452398
301,0.4995896267438883,0.5890109316120214
302,0.514390897977119,0.5225822128165123
303,0.5792481241375883,0.5624774656892627
304,0.6399684617912852,0.536083395260295
305,0.6515424980759799,0.6593742505388365
306,0.594185234049115,0.6434492175185399
307,0.5922063267807588,0.638578252760942
308,0.6752259214365507,0.5833969333449217
309,0.7198202242163471,0.7877891220566955
310,0.726908283461702,0.5492618931174413
311,0.6256475959645532,0.5314999486737544
312,0.7035140770776682,0.5879483466624867
313,0.671725085039447,0.5445055427240193
314,0.7091905591122762,0.633750129274379
315,0.7155102386732414,0.6136997040877608
316,0.7046205677678222,0.6045460695943781
317,0.6777498071041989,0.49712146249373224
318,0.6998567119511994,0.5681943115318651
319,0.6656930000575956,0.5018065869207757
320,0.6288757458537614,0.4687223079697862
321,0.5754111982308935,0.43429880080951744
322,0.5979039505015061,0.3733104871873029
323,0.5556399663482263,0.23968538469762624
324,0.5508971861464695,0.30704938766345363
325,0.5082012419475567,0.29187047400887367
326,0.6022633385154657,0.295936782912892
327,0.5001073994944899,0.2848387257144416
328,0.4522039243458966,0.25293848727456575
329,0.46549711832830826,0.20258243567088544
330,0.3634160919331467,0.21868254414794944
331,0.32286732957434217,0.19390134374455048
332,0.3085599877577072,0.2821858949491366
333,0.25893583930604114,0.2784493779499439
334,0.3085456870551207,0.1788804953906411
335,0.3064248479399663,0.17295667648248325
336,0.31687536859725757,0.21419315389060015
337,0.21722859326928978,0.2613590721337745
338,0.26528339875057233,0.1648075752958596
339,0.25394325247067173,0.2823505437484345
340,0.24173540857789172,0.2860548295681845
341,0.3181272296514599,0.2766934362188027
342,0.20831316585988635,0.29558511094437007
343,0.30646803521035326,0.3383867407997493
344,0.3355773947916565,0.405978615446882
345,0.36916104568486935,0.36151500803725783
346,0.4212590896916184,0.3432162115423893
347,0.4520523609585514,0.49205205250327416
348,0.4606015460984606,0.5833884788481101
349,0.4579699355035092,0.509093542618916
350,0.5200934331197542,0.48192222842995114
351,0.45709386040367384,0.6341511697139595
352,0.5889012345151182,0.6672300505202559
353,0.523613792966294,0.5237502267445491
354,0.5581399402749889,0.5069862944688501
355,0.5635593485364414,0.6090736261964997
356,0.6828492285868244,0.5537328780999644
357,0.7425417796476341,0.5763658065902669
358,0.6113343289294942,0.6261713154125692
359,0.6413623896967854,0.6527653756324212
360,0.7209923271889699,0.5631991275446523
361,0.6689624002729239,0.5509827761041262
362,0.7058572079324749,0.6349091032375977
363,0.7164519737847951,0.6025247404737644
364,0.6812610687499283,0.5902199439819434
365,0.5651875128981503,0.501712212575565
366,0.7873129816214441,0.5337086646098204
367,0.7343125304568743,0.48668907597799305
368,0.6943319624601272,0.4769247605184967
369,0.5461519533886001,0.40735134712426724
370,0.5944236628988078,0.37099555493941844
371,0.5758160318572405,0.3640365893148815
372,0.6584283527077057,0.3484436942623399
373,0.6400998525508018,0.39457624177118766
374,0.5466805536170453,0.3459198285272442
375,0.5614428539319053,0.3320556461457409
376,0.46055558754146614,0.27910538464939844
377,0.4611742597174754,0.33734682558979423
378,0.4772018102032193,0.2645654655832838
379,0.3966527951646603,0.29889737396550975
380,0.345347375061729,0.1906286549006485
381,0.2922013783240784,0.2829526326016475
382,0.27731626056449254,0.21155132934824977
383,0.3499925812153209,0.3042800190279811
384,0.35025344550667525,0.18115778005795768
385,0.41275111441444745,0.2705536877930851
386,0.30906981717634796,0.1767205640699138
387,0.22832294544062093,0.1703570305530463
388,0.23393801040414405,0.20062171555149216
389,0.2494028194189762,0.25511497686530243
390,0.2660197598996491,0.2795692767579298
391,0.3323334935428289,0.30947820686497174
392,0.24364666842500074,0.22455448410159634
393,0.2172408160524068,0.30778015796213143
394,0.41553922468089977,0.35379362485910143
395,0.361125132509914,0.4304198158253494
396,0.40514370319141507,0.3404940702332697
397,0.38717443898033554,0.49044360413813765
398,0.5021734262194827,0.48230512721029073
399,0.561152572267215,0.5009153262615238
400,0.4473331686808917,0.4077167725025814
401,0.6083028460191131,0.40967924853511906
402,0.5083444366732602,0.5519895996132801
403,0.5608866746856794,0.6014817749509759
404,0.5588332919999905,0.6138852934166307
405,0.7377502378406625,0.6122130509379498
406,0.6767882236132058,0.5687758515149826
407,0.598952667303482,0.6258649060264317
408,0.6662021626068971,0.6283501431362114
409,0.6415239431781208,0.5793638520980835
410,0.7778937327747293,0.5905525589296026
411,0.7438143921045683,0.6881145141446737
412,0.6669333667543339,0.5748170694241205
413,0.6099773220753382,0.6542526630102636
414,0.6729439759107728,0.5520247817694477
415,0.8048873625259034,0.4893378204691239
416,0.7087367085550353,0.5433238901980438
417,0.607608512200301,0.5279246019502127
418,0.6110203096783864,0.4461100837669763
419,0.7436368824142785,0.47119020339833767
420,0.5858083905959274,0.3761077439956353
421,0.6025892982025669,0.4822438781615953
422,0.4873453758400128,0.3767354397616471
423,0.5046550601636172,0.41943994565922715
424,0.5854216303522657,0.3116762902679698
425,0.49305984657799984,0.395458235992751
426,0.4069008698651954,0.2090790476233907
427,0.4473054162138005,0.2779054933053135
428,0.41807400764073255,0.2756485389455432
429,0.41551405693392934,0.21677248005867927
430,0.392770933572135,0.23071464711375997
431,0.3974057006868156,0.2703514931297829
432,0.36434883857888856,0.1397435219293804
433,0.30218585623875527,0.267032608369409
434,0.40084171896661425,0.2722983245386622
435,0.2711574524464468,0.2269683424813791
436,0.34786785782521346,0.27084634955079256
437,0.334562149457357,0.28426086202978823
438,0.26432782953220224,0.33807628369764015
439,0.23551339216211137,0.2860607027838289
440,0.3286058858946253,0.2582808890009664
441,0.39202199246941893,0.35785272265499823
442,0.31389373117415875,0.33937159308564474
443,0.27446660688106295,0.4049989416937476
444,0.3554991077218464,0.3098237656649213
445,0.4404117851521736,0.4589216207984742
446,0.41208941583818576,0.3210618359434023
447,0.4841952195469482,0.47285342346434966
448,0.4748384795894416,0.4294371173520288
449,0.4451852020186111,0.3747947679074467
450,0.4090742065192271,0.4468314071075816
451,0.5218392710163483,0.5547772605947228
452,0.5445770833641126,0.5170459085152443
453,0.47634459192718304,0.6393783694661135
454,0.6548736143935221,0.6192840597162004
455,0.6218590613072361,0.5384437412122997
456,0.6176202563231284,0.5831742529068207
457,0.6902091474086963,0.6182471559497896
458,0.6155310898840398,0.6197440122705411
459,0.6312412313346397,0.6008540347879425
460,0.660479374959649,0.5562498968600657
461,0.711198012613207,0.5249625476607538
462,0.7079088423982425,0.611031901037768
463,0.795096634488925,0.6343309025184529
464,0.6915188523172002,0.5646222575089237
465,0.6515785789671085,0.5022549857049319
466,0.5865996083151361,0.492886170740391
467,0.6554503974944016,0.6043857359470574
468,0.6706195025078996,0.4665767271493288
469,0.6533817457913064,0.47410707603873325
470,0.576465552241233,0.47374223109408675
471,0.5881066729284125,0.44724226003881185
472,0.5442393292209451,0.3895624897592728
473,0.5474162132466678,0.2850734717634399
474,0.5171245151000983,0.2869852156107906
475,0.4988549534892661,0.25595357852458467
476,0.5017453778431759,0.23328084381212905
477,0.43185619952384463,0.201525693060567
478,0.3772504981674644,0.2675421741250218
479,0.4307473952167914,0.164404279177336
480,0.43644859109780265,0.2061862803463564
481,0.405391300678174,0.23823835025550297
482,0.2937993739116447,0.1354130997587994
483,0.3838828872560485,0.20974151439992428
484,0.3119100527293606,0.14786789385056762
485,0.3566484894103498,0.22329855887753822
486,0.34289070133194255,0.15839047849691848
487,0.24121236619498806,0.1553252641780027
488,0.20881564530274976,0.2292560358184298
489,0.36015048544775163,0.24540502034815023
490,0.27014270038685956,0.2943545344047923
491,0.3739912418339068,0.2245504533867491
492,0.30536129865162936,0.35020271885420795
493,0.3234705868423798,0.2285081338778366
494,0.40558443354691487,0.2285093033728464
495,0.3986807055528325,0.37088632190665155
496,0.5182301596478678,0.39664857377762813
497,0.3941315698793002,0.3595943629945104
498,0.520214409327679,0.4762795246254358
499,0.48219013634382624,0.4284042508088399
500,0.4458368814792366,0.4712278925503626
501,0.5122177984618677,0.602213503605651
502,0.5786930381345143,0.5468404477078759
503,0.636859957239571,0.5888540159589237
504,0.5659685977707806,0.6174568420293073
505,0.6764949265639167,0.5678401985792341
506,0.6055234571605066,0.674971797304428
507,0.6754174936693204,0.6315077618657376
508,0.5774675995416259,0.6307596842461103
509,0.7208328266887788,0.5277636372891159
510,0.7487232994839519,0.573062169513781
511,0.6244668169695231,0.613005330169047
512,0.7318376472402075,0.6239552767611484
513,0.7587176477347859,0.5108993037153131
514,0.5945154099019034,0.6127057829092244
515,0.660396467295391,0.38166298842127455
516,0.5854029188427823,0.5248303893033697
517,0.7347964775542896,0.5618267276356802
518,0.6795299860420663,0.5310030356997945
519,0.6135261982172868,0.3595289098522664
520,0.608175503234569,0.3004202476047897
521,0.6701240251782451,0.34224199710844533
522,0.5653838454408544,0.3212719027965775
523,0.5097382635403849,0.3371470719090404
524,0.5010102603441133,0.3548831289903337
525,0.4841870178921367,0.3470520736078133
526,0.3868116457951054,0.21412248764413483
527,0.4968226494018789,0.14320621237990916
528,0.5133728256135228,0.2599768129899711
529,0.3675980605298547,0.24220230766670772
530,0.3208803491598439,0.34939181080516335
531,0.4394515177293562,0.21246496335568785
532,0.41585258616172815,0.22594065662386423
533,0.30211672558237845,0.2900438807868291
534,0.2698585933538457,0.27932442604635477
535,0.3233267956773134,0.1582303733683898
536,0.3327638750487247,0.27110463221486614
537,0.2892667917164528,0.2066416661551374
538,0.26154788965747333,0.2467847358180505
539,0.3245242879357948,0.28341992411616507
540,0.2969023248063254,0.25582842563406794
541,0.3791016630017242,0.20805307172458665
542,0.2829161723045087,0.33025033961425837
543,0.2550877762737253,0.3445570623128323
544,0.2906011268755785,0.4032863349725492
545,0.28392196387610735,0.37009833533143655
546,0.3814829441702704,0.3158590361652832
547,0.47652016961492194,0.5016491635724094
548,0.5472393672525235,0.49805263522173215
549,0.49451811589702827,0.6209615167282507
550,0.5107646031098143,0.5562179663504764
551,0.5882925563496078,0.5932101165938753
552,0.5456556774762295,0.4664343414976791
553,0.5099988722435704,0.5291687873823124
554,0.6318847627958485,0.5164192574390741
555,0.6478046745800602,0.500523952226724
556,0.5596579883310626,0.5908177222129182
557,0.6558643892068499,0.595596632293147
558,0.6773170087208319,0.5486841562719993
559,0.8018946144186955,0.7339877122372694
560,0.6825364685413041,0.5972255971395829
561,0.6314436438022085,0.6147137900099846
562,0.7682326236090875,0.5263123254833898
563,0.612399441017638,0.6094391475234877
564,0.5851335226827902,0.5384631618703204
565,0.6736078871187471,0.606784902644081
566,0.6820402066998325,0.5330699584738685
567,0.6076700730918634,0.5387511009109457
568,0.6657028939578294,0.4431089528260172
569,0.5964815085151013,0.39254490519768354
570,0.6081985138298732,0.45748536631145226
571,0.6315955439904047,0.3911219082004056
572,0.5635946879102328,0.394064690050997
573,0.5065631721309114,0.4063850621586472
574,0.5714052007984617,0.3509655749340351
575,0.521122855347329,0.27681496722389526
576,0.42888828804563556,0.23894441024850843
577,0.4736971851865558,0.304707152840197
578,0.34942632177413696,0.3047840234855364
579,0.4188862664747425,0.2351160864346643
580,0.44620188766949054,0.28028433719237766
581,0.45976903607125286,0.18685918576642335
582,0.3598222369182489,0.2127921440965727
583,0.3165613007426176,0.26041440401141414
584,0.35862676900844237,0.24102166227355054
585,0.29503659317392655,0.1755873499983396
586,0.3041131947137861,0.18752843174615724
587,0.24416293558720217,0.21225550548759337
588,0.3222047761456718,0.2941292383537001
589,0.2923646331534936,0.24993480097889859
590,0.40080349458195696,0.3152137218254103
591,0.2053413401541695,0.30467235887174915
592,0.2626981110010315,0.4142669414197152
593,0.3077917085575522,0.29998448521117116
594,0.31934485685986486,0.3920861452016019
595,0.39769619762754077,0.4420868499961324
596,0.47811593685768655,0.37699533676800934
597,0.44106264888379043,0.4120610258121478
598,0.3775126545397736,0.440888182366195
599,0.46110309149342704,0.4739585667148103
600,0.4037677016243641,0.4422761138200778
601,0.5136780337946275,0.5504058521710904
602,0.5771221952062574,0.5165310810685008
603,0.6091123990835414,0.5348126515564893
604,0.634026824883335,0.5384314030129803
605,0.6884926846027306,0.6407188055783315
606,0.5582235796459949,0.531451921422454
607,0.6978772211779106,0.5415277876985038
608,0.7962868569264486,0.5806904978048001
609,0.6997779496157026,0.5792985991918403
610,0.632865899953654,0.5180169007168509
611,0.7588216371346158,0.5906304823508597
612,0.7470496186023757,0.5597948583519361
613,0.6561574034392216,0.49194775835286664
614,0.7481805146834442,0.5702271140402426
615,0.6264212063132477,0.5808915738694642
616,0.7407181152417929,0.5368509086233282
617,0.7264977690656309,0.5476416548677451
618,0.679959148802808,0.5299966363942925
619,0.653888078425753,0.4139323072408704
620,0.7007782516954368,0.3259165938105403
621,0.64219687442554,0.38325733624629565
622,0.5623760785451234,0.3447389106825468
623,0.6260219913256928,0.33478612751449466
624,0.49809846904406746,0.26048713838363335
625,0.5909828767541863,0.34218365692923647
626,0.5077612146436752,0.34576143641675694
627,0.5036098614322911,0.3029891609588468
628,0.3746787040370983,0.2956769401023738
629,0.31364992743421594,0.21413956942613935
630,0.2696150175471309,0.18787824101836598
631,0.3843907070184545,0.21985554689213618
632,0.3130928443473323,0.022975749064397172
633,0.3137073201575923,0.15842112567123737
634,0.32238557110672,0.10107487375189038
635,0.2743951805368629,0.13993632379564097
636,0.30550142658923446,0.21107880358313963
637,0.3424503276948262,0.2273062666708652
638,0.2796161357827805,0.10749124137764257
639,0.28677385198011274,0.16507827831077504
640,0.29187662562100886,0.18969268280105206
641,0.3723812894809668,0.3176379774958598
642,0.3265325947959311,0.3097019921564251
643,0.3669014163534512,0.37817139924707194
644,0.40511569360162647,0.33320737954158414
645,0.4737463780383663,0.2838912317400848
646,0.336840526935776,0.5562278219525446
647,0.4140811760476952,0.4292015605251535
648,0.4174639986795888,0.46764926303203874
649,0.5598442229346627,0.5466906880811716
650,0.4144410864394343,0.4825717946283164
651,0.47832864931336194,0.5689400302819808
652,0.4928904460573237,0.5517562797640081
653,0.637539911951325,0.5622615737112631
654,0.5918370159127183,0.6708299415031648
655,0.6287939244785228,0.5620581767614345
656,0.6614337274498928,0.5206362167654055
657,0.7160638914001394,0.6191261362155439
658,0.6252464437525802,0.5119569754464011
659,0.6585236153019856,0.5820458966109624
660,0.6695937003154744,0.5250271060554715
661,0.6989971085554182,0.581674712580864
662,0.6466988656130979,0.5462445231002556
663,0.7083620213640618,0.47211198583470576
664,0.7115019031231961,0.6240549624483346
665,0.741499661088164,0.5049004825508796
666,0.6597567612054929,0.5478872037656463
667,0.591611424827406,0.5397465309337798
668,0.5802326075933628,0.5080976215701334
669,0.6214754429507823,0.44706941229809855
670,0.5758014644145353,0.4225992564656002
671,0.5325505430798168,0.3835865731034244
672,0.5152921931443146,0.39384222479536574
673,0.4965281313349814,0.34451788973904024
674,0.6091702846039677,0.3028091485496326
675,0.5060185577352625,0.29338641714140024
676,0.41516557770321705,0.3378704773377439
677,0.45611107335637285,0.2446295205162437
678,0.423758919605447,0.19239756758263055
679,0.4209703680362117,0.08892854573979542
680,0.42611031185093395,0.24133549387896944
681,0.3463368074178145,0.1448060724636662
682,0.391936855151321,0.22992331926963538
683,0.36511796087511217,0.163607418988074
684,0.3441534264764568,0.23631844667800253
685,0.33256360427159287,0.21862242983694563
686,0.30284797538815394,0.23824669570772633
687,0.3143647310274117,0.2762919796011788
688,0.3085829056541955,0.2672036594208002
689,0.37798403570733613,0.2536544051412369
690,0.3135789563985476,0.25059463072647226
691,0.22171611327287252,0.31694746591403644
692,0.4205119235009029,0.235248516811833
693,0.3596897437371344,0.34272942871233214
694,0.33993244124908495,0.30193886492221944
695,0.3574259511669693,0.35038355053137643
696,0.4646188067096717,0.2653671560740364
697,0.45942514697496967,0.49385056030934793
698,0.4348210797359145,0.4876749010065573
699,0.5069269230792829,0.4768189978849588
700,0.4076157699995328,0.5643051096313841
701,0.48324082225399095,0.540289467590896
702,0.5696020657744121,0.6065179783511846
703,0.5820622943881575,0.5473248975567322
704,0.5108960146361463,0.5112483729081784
705,0.5747949279373192,0.6140656836223989
706,0.602470587032114,0.5404010581799837
707,0.7063488693561757,0.5653812285389186
708,0.637432237342754,0.5793237023052261
709,0.6711361597337376,0.5489981946893123
710,0.7295937269796358,0.5421742671447656
711,0.7195293956414519,0.6362274395092758
712,0.6929293237687274,0.6279136676914315
713,0.6381419034846499,0.5497463184454474
714,0.6585133591245919,0.582817513041337
715,0.7139596461548041,0.5466849276958335
716,0.6148607243429964,0.4537509095094911
717,0.6690053208393465,0.5641264164157135
718,0.6644391442760813,0.5153803597595222
719,0.661678516191966,0.43365072343587335
720,0.6351288226335884,0.45600385510203156
721,0.5901400775048044,0.4461333469593767
722,0.5485669983161164,0.3106357704037377
723,0.6196364027397832,0.3184379036988222
724,0.4935809239736341,0.276488368791446
725,0.5194776476543211,0.3293362139111859
726,0.42303269542622124,0.13884380698565665
727,0.41646915281995234,0.24576214786630743
728,0.37035299724199305,0.22430511272167264
729,0.4229905880547566,0.18798009683172334
730,0.4242051857699368,0.2375349176871709
731,0.30290916109268773,0.27292644608339417
732,0.302350053632597,0.24403048819461004
733,0.23212282428452857,0.14121231621698255
734,0.2932236609102848,0.19451400048228057
735,0.29461351831072885,0.1968194253222682
736,0.3447402642032614,0.30801619729114327
737,0.27275761711083246,0.1994777765518903
738,0.23285135852025515,0.2547689343773694
739,0.3221477286024845,0.2266270054449733
740,0.23193559229045724,0.2698894244896911
741,0.3171587842869751,0.3201414609889882
742,0.3717307568078169,0.3219991034859203
743,0.38180329913503436,0.3386860702769813
744,0.3230440369829719,0.33265667592398596
745,0.29482335094974854,0.5276547205658291
746,0.3278788309353375,0.4639304535684547
747,0.40342010573675074,0.4582593227899617
748,0.3936828871127712,0.46653943772245127
749,0.43202013633039593,0.4713242935323078
750,0.4978639308133238,0.47480361355533557
751,0.4687843811321186,0.47656239831149416
752,0.5328657253651657,0.5563648776899939
753,0.5629606413538513,0.5868470404946401
754,0.5993240922684364,0.5678039389695572
755,0.6905693084352198,0.4588209277435771
756,0.5976239422546836,0.6058184036896982
757,0.718978299265347,0.6364371144178944
758,0.6856206431067107,0.5132913689145986
759,0.6634080471073595,0.5482128026310698
760,0.7335913776112141,0.6595752309903231
761,0.6784783250309246,0.5133849205189169
762,0.7062358067416182,0.5656544853038831
763,0.7491246293603632,0.5655465196372126
764,0.7648736356073894,0.599883622093573
765,0.6864331133040927,0.622620859264804
766,0.6919485999027966,0.5083599647755424
767,0.696252031277585,0.40604917451128625
768,0.6968484458740843,0.544734932783447
769,0.5726338385309016,0.3999075371019986
770,0.5676985642456,0.3210444932054113
771,0.5391765423273931,0.32167807144941596
772,0.6334342622310856,0.3748450418742634
773,0.5983629143080986,0.4013990744198478
774,0.5184369647643414,0.3066809461545481
775,0.4865199838208836,0.27764306259783667
776,0.38088808707127697,0.36880384913888103
777,0.5116475608072673,0.2594071756345059
778,0.4744924040488542,0.2865537611080411
779,0.3607311317884655,0.19482200865844188
780,0.41809076641900933,0.2604928395280655
781,0.3195298887629552,0.1864449253478721
782,0.30301112565321453,0.21417615826373615
783,0.3386453290603999,0.1819642768308547
784,0.27015358011711366,0.239245567348964
785,0.3308345691251306,0.17546258079217336
786,0.26547523238621623,0.2865765178326492
787,0.276725553378392,0.283664216976904
788,0.2938365126197993,0.24522041138913916
789,0.38083174486625226,0.23857975291624134
790,0.32230494747813004,0.26680787228674246
791,0.3270617605148068,0.4192903150730325
792,0.36563118909958675,0.2638345784667011
793,0.37879356755121907,0.3540585802680036
794,0.32705685372748916,0.29744484493293394
795,0.40305705599630864,0.3298950733757069
796,0.38917302965362566,0.4135525037482146
797,0.5097616299551035,0.4667851931972583
798,0.43690282414238063,0.4267632845112149
799,0.5122010670465901,0.5206174265634091
800,0.5764504401991166,0.6379400939605455
801,0.5264982832224061,0.524554315041111
802,0.4948743972457743,0.5089077472538261
803,0.5106649296839649,0.5425730558794516
804,0.6001480225982219,0.5683659840192272
805,0.5445895919630006,0.4891482923419343
806,0.6148204373487995,0.5055725003143218
807,0.6614912449051878,0.5956105474700788
808,0.6224422456331355,0.6013598313232017
809,0.6285700848798862,0.6403213009753599
810,0.7092829580332104,0.6516645287223438
811,0.699352746517716,0.5043374331282459
812,0.6746670187346347,0.5856763069826241
813,0.7686964542151487,0.6340344692113826
814,0.598918653642348,0.4829285463223997
815,0.7034529979006112,0.5333408689135778
816,0.5983450346807431,0.507731469356956
817,0.6907425114609731,0.520968688435678
818,0.6204106158194598,0.4563531001236687
819,0.5941747834421256,0.43843326743447647
820,0.6050055756696394,0.35820277129545725
821,0.5438649267609273,0.4815755240623003
822,0.5728729228552615,0.35329514618196506
823,0.5643616568678316,0.2855226156376203
824,0.4984461542852273,0.28712113609964746
825,0.4772953255261449,0.3442846076778274
826,0.42882606300076714,0.29492773422251556
827,0.4391064567744204,0.21898803276937034
828,0.3846747677933127,0.23390568663119646
829,0.46816511573884984,0.27992714730988183
830,0.35918099131361064,0.26064623486691746
831,0.33899819629485917,0.22808056421871806
832,0.3973235925453472,0.21782542752353157
833,0.3416777947489761,0.30400902970139465
834,0.26869735327742267,0.2049767456935173
835,0.27181710303371265,0.19248519357245555
836,0.25891556584436315,0.19937869896260993
837,0.31576682562933067,0.14873077487870046
838,0.20355620411316871,0.2500552595772527
839,0.23392808463439163,0.20557694247538244
840,0.3274375760839401,0.23489397059411893
841,0.3464978553735835,0.30453497100037735
842,0.2807753973947786,0.409908801391134
843,0.3380776069646875,0.33326675772155945
844,0.31088472566496594,0.35740889773814954
845,0.3777269472577862,0.41965641947141696
846,0.3559139533792209,0.4451655700684364
847,0.41452120201668385,0.4071137245555487
848,0.4445791523047831,0.3844949672558657
849,0.5627498384741789,0.5139590316100161
850,0.475284862405307,0.4544981232964316
851,0.5278907197822511,0.5461993967571189
852,0.5789520524080708,0.5922854408625396
853,0.5745148771927752,0.5175432068089387
854,0.5858010672736242,0.5482317523565907
855,0.6847270754217192,0.5677561475189657
856,0.6095948767509515,0.5942149810266705
857,0.7281555852400362,0.6307164142610667
858,0.7092109936013967,0.4838343371014764
859,0.6888312724539685,0.6374270559758642
860,0.6324483619835134,0.6076686831649957
861,0.6541252038202798,0.5517779893378068
862,0.6114032284775445,0.564802760521148
863,0.6628987078595416,0.5344305899113759
864,0.713648822616223,0.5451360098283597
865,0.6698724938860845,0.4875325314660646
866,0.6694902648716652,0.45362619879807037
867,0.6730152876352704,0.5472243089430742
868,0.6439332620171949,0.487366213476373
869,0.5867604872667322,0.5343449971754411
870,0.6291263569158783,0.34845232449470287
871,0.5420673027255524,0.35387365998887477
872,0.5901828198871776,0.31666245907428114
873,0.5407833046916966,0.3215776227028462
874,0.5186926618188051,0.35189924593862015
875,0.5141372572248399,0.27045904078238664
876,0.4403556029026987,0.3075272571768006
877,0.47256434586708473,0.2317966035082215
878,0.42342289288203344,0.2395767916299138
879,0.4086023375343721,0.2945973154471911
880,0.3362724186412269,0.21523419578728992
881,0.3107856778321063,0.13983994917737508
882,0.2921603221496043,0.19036469334856615
883,0.3401762845679256,0.11608960684928388
884,0.31230407004142813,0.19206070030718705
885,0.31171462928601706,0.18191036207002897
886,0.34313633936018684,0.1324025550562256
887,0.28034179609609144,0.20804395964686218
888,0.3330694197672637,0.16938891291607366
889,0.37864243523280333,0.25213694019428684
890,0.36203381976537996,0.26744499288603685
891,0.31922716207974,0.3929083093156607
892,0.40029349035973383,0.31777914627461024
893,0.37500260879359243,0.34252512963409465
894,0.45393785530601666,0.34898803428165065
895,0.35931694782857515,0.3808792670368241
896,0.34106883890061657,0.3327796830749233
897,0.471590223068164,0.4815053986138017
898,0.478999966300187,0.4804367041361643
899,0.4628806552106218,0.4311338495904588
900,0.5181001821285348,0.47612841170731757
901,0.5715887809925576,0.4605874601737991
902,0.552823054096443,0.5300626683963588
903,0.6275685507269294,0.5446381973126486
904,0.6576053410220991,0.5795950283676427
905,0.5800379463673234,0.6325700840900097
906,0.6433266284624614,0.6625269869161099
907,0.683307106160793,0.5424498905497779
908,0.634229873938504,0.6692943937175708
909,0.7031736003821545,0.5411852656320641
910,0.6285776143427929,0.6467826375118418
911,0.7174736555703285,0.6187859093594373
912,0.7559128880628039,0.6436799263987739
913,0.5623644404048718,0.5613290048839258
914,0.6990706636201138,0.4894135156460922
915,0.6728913654238072,0.4861151066698147
916,0.682035645802464,0.563098526725608
917,0.7246595888434071,0.5523550779483721
918,0.6628218536144659,0.542361692010849
919,0.6849986886043046,0.38974288253214784
920,0.5097479580649987,0.4698776519358575
921,0.6338851302529227,0.44148419651307463
922,0.5301511527671433,0.34065448720509306
923,0.562358850273242,0.3174682790730642
924,0.581660889128351,0.2960055310291532
925,0.43871737755229856,0.27069232616248784
926,0.42428182538440773,0.35271957778611607
927,0.474366284129858,0.29099688279183716
928,0.4354338236888336,0.22287625147025728
929,0.42294292700951297,0.23693946700942287
930,0.34624978526648414,0.28506377919190795
931,0.40057723431003245,0.18622878343454452
932,0.3663697331750152,0.1653344952347211
933,0.33475305703970476,0.17445396311157335
934,0.2710289769530615,0.2972261335925566
935,0.29598177292646016,0.1711982206256471
936,0.28410897574935184,0.17419101067505421
937,0.29381752287634066,0.28143104454928897
938,0.3465450083646389,0.2471828828106876
939,0.30484088458937214,0.2910594559103485
940,0.28689777994569277,0.19910840291037396
941,0.27257408670703565,0.3361980269885191
942,0.17340221984604334,0.3500555322276304
943,0.39557883642625885,0.2944599902532405
944,0.41956411568813484,0.3742497950950963
945,0.32657323459185655,0.3682672874106946
946,0.3759753761396601,0.4337706555431019
947,0.42911935592620115,0.44218731426372465
948,0.42006654482170314,0.44064877938321645
949,0.5271852144173752,0.5127068844394089
950,0.5590751681476227,0.4653382146945636
951,0.46587605130610754,0.6181922922253663
952,0.5459278782547987,0.5265565994932404
953,0.5111514318950883,0.5864653440982582
954,0.6236283799981566,0.6158535164465293
955,0.58749183632596,0.4899682526221762
956,0.6088857238025013,0.6495658196600986
957,0.6327045906571515,0.5779524092036147
958,0.7294916647293619,0.6195004069497502
959,0.6977632808607425,0.7342141658948738
960,0.6238951529843506,0.623388471913627
961,0.647663385277094,0.5540077991532292
962,0.7702018756663938,0.535452997068473
963,0.7191193343586857,0.5380671182980438
964,0.7292225753981414,0.5636249303630956
965,0.5918732838200083,0.5684253828359773
966,0.6857646828046211,0.4423052743824759
967,0.5829688649393232,0.4920334616435194
968,0.6340588611095622,0.4760959269368833
969,0.6326261320235134,0.3986004120427943
970,0.6173295887965943,0.45947086419844935
971,0.569531147352534,0.4094429725841267
972,0.6145250560644804,0.3250655713687329
973,0.5409161297327265,0.3698940865727508
974,0.5191505796694454,0.38084863421323295
975,0.489420231615388,0.22484035997734608
976,0.4346123026418189,0.4188151995939435
977,0.5295690711963261,0.34003678048236663
978,0.4441991564424006,0.1871382606153681
979,0.4222762607035787,0.2700424039269522
980,0.4036785685651075,0.2573264076713175
981,0.3854106660569907,0.2367189536976904
982,0.4204618294115131,0.20892371258139047
983,0.3237269468517549,0.15827542148544002
984,0.2367997250526705,0.17002688609593597
985,0.2864273608103079,0.26790473991904784
986,0.2006830873970169,0.19294733921238746
987,0.3203210084460795,0.20992246572800177
988,0.3023070292501298,0.23398815870282552
989,0.39971536954917763,0.1806229267697651
990,0.16480776155024632,0.27001224114911976
991,0.32152535605768895,0.2908952567718036
992,0.33878032353669607,0.19855919166128422
993,0.28591457062538167,0.37077546810611983
994,0.44522431303770554,0.40830601649377246
995,0.40030982860536085,0.36716107988826147
996,0.4515747705355431,0.3759284691125179
997,0.39103703883316404,0.4295157701272477
998,0.582886671242409,0.47582840748012994
999,0.4661164598554279,0.5456740440462764
